{
  "_C": "ModeleCouleurs",
  "lesCouleurs": [
    {
      "_C": "Couleurs",
      "idCouleur": "aaaa",
      "nomCouleur": "Bleu"
    },
    {
      "_C": "Couleurs",
      "idCouleur": "Nrr7",
      "nomCouleur": "Brun"
    },
    {
      "_C": "Couleurs",
      "idCouleur": "aaaa",
      "nomCouleur": "Bleu"
    },
    {
      "_C": "Couleurs",
      "idCouleur": "FfBH",
      "nomCouleur": "Turquoise"
    },
    {
      "_C": "Couleurs",
      "idCouleur": "aaaa",
      "nomCouleur": "Bleu"
    },
    {
      "_C": "Couleurs",
      "idCouleur": "gHgp",
      "nomCouleur": "Rose"
    },
    {
      "_C": "Couleurs",
      "idCouleur": "sPhE",
      "nomCouleur": "Brun"
    }
  ]
}