{
    "liste de question": [
        {
            "q": "Quelle environnement de développement on utilise dans le cours?",
            "a": "Visual Studio Code",
            "b": "Eclipse",
            "c": "Android Studio",
            "rep": "a",
            "pts": 1
        },
        {
            "q": "Dans Python, pour mettre un commentaire, on utilise le symbole suivant:",
            "a": "@",
            "b": "#",
            "c": "*",
            "rep": "b",
            "pts": 1
        },
        {
            "q": "Quelle est la capital du brésil?",
            "a": "Sao Polo",
            "b": "Argentine",
            "c": "Brasilia",
            "rep": "c",
            "pts": 1
        }
    ]
}