{
   "partie": [ 
{
    "J1": "Guillaume",
    "J2": "Gabriel",
    "NbBonneRepJ1": 4,
    "NbBonneRepJ2": 3,
    "PointJ1": 6,
    "PointJ2": 5,
    "RepJ1": [
        "@",
        "Sao Polo",
        "88",
        "Rhinoféronce",
        "Baleine",
        "Python",
        "Barrack Obama"
    ],
    "RepJ2": [
        "Visual Studio Code",
        "*",
        "Argentine",
        "44",
        "Humain",
        "Raspberry Pi",
        "Strip"
    ],
    "date": "2023-02-23 12:40:35.640890"
},
{
    "J1": "Namir",
    "J2": "asdasd",
    "NbBonneRepJ1": 4,
    "NbBonneRepJ2": 3,
    "PointJ1": 6,
    "PointJ2": 5,
    "RepJ1": [
        "@",
        "Sao Polo",
        "88",
        "Rhinoféronce",
        "Baleine",
        "Python",
        "Barrack Obama"
    ],
    "RepJ2": [
        "Visual Studio Code",
        "*",
        "Argentine",
        "44",
        "Humain",
        "Raspberry Pi",
        "Strip"
    ],
    "date": "2023-02-23 12:40:35.640890"
},
{
    "J1": "asd",
    "J2": "gdgd",
    "NbBonneRepJ1": 4,
    "NbBonneRepJ2": 3,
    "PointJ1": 6,
    "PointJ2": 5,
    "RepJ1": [
        "@",
        "Sao Polo",
        "88",
        "Rhinoféronce",
        "Baleine",
        "Python",
        "Barrack Obama"
    ],
    "RepJ2": [
        "Visual Studio Code",
        "*",
        "Argentine",
        "44",
        "Humain",
        "Raspberry Pi",
        "Strip"
    ],
    "date": "2023-02-23 12:40:35.640890"
},
{
    "J1": "jtjt",
    "J2": "sasad",
    "NbBonneRepJ1": 4,
    "NbBonneRepJ2": 3,
    "PointJ1": 6,
    "PointJ2": 5,
    "RepJ1": [
        "@",
        "Sao Polo",
        "88",
        "Rhinoféronce",
        "Baleine",
        "Python",
        "Barrack Obama"
    ],
    "RepJ2": [
        "Visual Studio Code",
        "*",
        "Argentine",
        "44",
        "Humain",
        "Raspberry Pi",
        "Strip"
    ],
    "date": "2023-02-23 12:40:35.640890"
}
    ]
}