{
    "liste de question": [
        {
            "q": "Quelle environnement de développement on utilise dans le cours?",
            "a": "Visual Studio Code",
            "b": "Eclipse",
            "c": "Android Studio",
            "rep": "a",
            "pts": 1
        },
        {
            "q": "Dans Python, pour mettre un commentaire, on utilise le symbole suivant:",
            "a": "@",
            "b": "#",
            "c": "*",
            "rep": "b",
            "pts": 1
        },
        {
            "q": "Quelle est la capital du brésil?",
            "a": "Sao Polo",
            "b": "Argentine",
            "c": "Brasilia",
            "rep": "c",
            "pts": 1
        },
        {
            "q": "Quelle est le résultat de cet équation: 8/2*11-5?",
            "a": "88",
            "b": "41",
            "c": "44",
            "rep": "b",
            "pts": 1
        },
        {
            "q": "Lequel de ses animaux a plus de 2 patte?",
            "a": "Rhinoféronce",
            "b": "Oiseau",
            "c": "Humain",
            "rep": "a",
            "pts": 1
        },
        {
            "q": "Lequel de ses animaux est le plus grand?",
            "a": "Baleine",
            "b": "Orignal",
            "c": "Aigle",
            "rep": "a",
            "pts": 1
        },
        {
            "q": "Pour utiliser les objets connectés, on va utiliser lequel des nano-ordinateurs?",
            "a": "Raspberry Pi",
            "b": "Arduino",
            "c": "Banana Pi",
            "rep": "a",
            "pts": 2
        },
        {
            "q": "Dans le cours, on va utiliser quel langage de programmation?",
            "a": "Java",
            "b": "C++",
            "c": "Python",
            "rep": "c",
            "pts": 2
        },
        {
            "q": "Quelle méthode doit être utilisée pour enlever les espaces au dédut et à la fin?",
            "a": "Replace",
            "b": "Split",
            "c": "Strip",
            "rep": "c",
            "pts": 2
        },
        {
            "q": "Qui a gagné le prix nobel de la paix en 2009?",
            "a": "George Washington",
            "b": "Barrack Obama",
            "c": "Nelson Mandela",
            "rep": "b",
            "pts": 2
        }
    ]
}