<?xml version="1.0" encoding="UTF-8"?>

<?import javafx.scene.layout.HBox?>
<?import javafx.scene.image.ImageView?>
<?import javafx.scene.image.Image?>
<?import javafx.scene.control.Button?>
<?import javafx.scene.control.Label?>
<?import javafx.scene.control.ComboBox?>
<?import javafx.scene.text.Font?>
<?import javafx.scene.layout.Pane?>

<HBox xmlns:fx="http://javafx.com/fxml" fx:controller="roche_papier_ciseaux.frontal.fragments.FragmentCouleurs" styleClass="menu-couleur-arriere">
	<Button 
        fx:id="boutonMettreCouleur" 
        text="%mettreCouleur"
        styleClass="bouton-vert">
    </Button>
    <Pane HBox.hgrow="ALWAYS" styleClass="petit-espace-horizontal"/>
	<Label fx:id="labelCouleur" alignment="center" textAlignment="CENTER" styleClass="menu-couleur-element">
       <font>
          <Font size="15.0" />
       </font>
    </Label>
    <Pane HBox.hgrow="ALWAYS" styleClass="petit-espace-horizontal"/>
    <Button 
        fx:id="boutonRetirer" 
        text="%retirerCouleur"
        styleClass="bouton-rouge">
    </Button>
</HBox>