<?xml version="1.0" encoding="UTF-8"?>

<?import javafx.scene.layout.VBox?>
<?import javafx.scene.layout.HBox?>
<?import javafx.scene.image.ImageView?>
<?import javafx.scene.image.Image?>
<?import javafx.scene.control.Button?>
<?import javafx.scene.control.Label?>
<?import javafx.scene.control.MenuItem?>
<?import javafx.scene.control.ComboBox?>
<?import javafx.scene.layout.Pane?>
<?import javafx.scene.text.Font?>
<?import roche_papier_ciseaux.frontal.controles.CanvasLogo?>

<VBox fx:id="page" xmlns:fx="http://javafx.com/fxml" fx:controller="roche_papier_ciseaux.frontal.vues.VueCouleurParametre" styleClass="page">
 <VBox VBox.vgrow="ALWAYS" styleClass="conteneur">
  <HBox>
   <Pane HBox.hgrow="ALWAYS" styleClass="grand-espace-horizontal"/>
   <VBox HBox.hgrow="ALWAYS" styleClass="conteneur" alignment="CENTER">
    <Label alignment="center" text="%texte" textAlignment="CENTER">
     <font>
      <Font size="19.0"/>
     </font>
    </Label>
    <Pane minHeight="10" minWidth="10"/>
    <ComboBox fx:id="comboCouleurs" prefHeight="25.0" prefWidth="200.0" promptText="%combo" styleClass="menu-couleur" />
   </VBox>
   <Pane HBox.hgrow="ALWAYS" styleClass="grand-espace-horizontal"/>
  </HBox>
  <Pane VBox.vgrow="ALWAYS" styleClass="grand-espace-vertical"/>
  <HBox VBox.vgrow="ALWAYS" styleClass="conteneur">
   <Pane HBox.hgrow="ALWAYS" styleClass="petit-espace-horizontal"/>
   <Button fx:id="boutonQuitterParametre" mnemonicParsing="false" prefHeight="29.0" prefWidth="79.0" text="%retournerMenu" styleClass="bouton-retour" textAlignment="CENTER">
    <font>
     <Font size="14.0"/>
    </font>
   </Button>
   <Pane HBox.hgrow="ALWAYS" styleClass="petit-espace-horizontal"/>
   <Button fx:id="boutonMettre" mnemonicParsing="false" prefHeight="29.0" prefWidth="75.0" text="%couleurAleatoire" styleClass="bouton-ajouter" textAlignment="CENTER">
	<font>
     <Font size="10.0" />
    </font>
   </Button>
   <Pane HBox.hgrow="ALWAYS" styleClass="moyen-espace-horizontal"/>
   <HBox HBox.hgrow="ALWAYS" styleClass="conteneur">
    <CanvasLogo HBox.hgrow="ALWAYS" minHeight="30" minWidth="30" maxHeight="90" maxWidth="90" fx:id="canvasLogo" id="canvas-logo"></CanvasLogo>
   </HBox>
   <Pane HBox.hgrow="ALWAYS" styleClass="moyen-espace-horizontal"/>
   <Button fx:id="boutonAjouterCouleur" mnemonicParsing="false" prefHeight="29.0" prefWidth="148.0" text="%ajouterCouleur" styleClass="bouton-ajouter" textAlignment="CENTER">
	<font>
     <Font size="14.0" />
    </font>
   </Button>
   <Pane HBox.hgrow="ALWAYS" styleClass="petit-espace-horizontal"/>
   <Button fx:id="boutonSurprise" mnemonicParsing="false" prefHeight="29.0" prefWidth="75.0" text="%modifierCouleur" styleClass="bouton-ajouter" textAlignment="CENTER">
	<font>
     <Font size="10.0" />
    </font>
   </Button>
   <Pane HBox.hgrow="ALWAYS" styleClass="petit-espace-horizontal"/>
  </HBox>
 </VBox>
</VBox>