<?xml version="1.0" encoding="UTF-8"?>

<?import javafx.scene.layout.VBox?>
<?import javafx.scene.layout.HBox?>
<?import javafx.scene.control.Button?>
<?import javafx.scene.layout.Pane?>
<?import javafx.scene.control.Label?>
<?import javafx.scene.text.Font?>
<?import roche_papier_ciseaux.frontal.controles.CanvasLogo?>

<VBox fx:id="page" xmlns:fx="http://javafx.com/fxml" fx:controller="roche_papier_ciseaux.frontal.vues.VueMenu" styleClass="page" id="vue-menu">
    <Label alignment="center" text="%texteMenu" textAlignment="CENTER">
	    <font>
	      	<Font size="19.0"/>
	    </font>
    </Label>
    <HBox VBox.vgrow="ALWAYS" styleClass="conteneur">
    	<VBox HBox.hgrow="ALWAYS" styleClass="conteneur" alignment="CENTER">
		    <Button 
		    	fx:id="boutonJouer"
		        text="%jouerLaPartie"
		        styleClass="bouton-retour">
		    </Button>
	    	<Pane HBox.hgrow="ALWAYS" styleClass="petit-espace-vertical"/>
	    	<Button 
		    	fx:id="boutonSurpriseMenu"
		        text="%modifierCouleur"
		        styleClass="bouton-retour">
		    </Button>
		    <Pane HBox.hgrow="ALWAYS" styleClass="petit-espace-vertical"/>
		    <Button 
		    	fx:id="boutonRentrerParametre"
		        text="%retournerMenuParametre"
		        styleClass="bouton-retour">
	    	</Button>
		</VBox>
   	</HBox>
   	<CanvasLogo VBox.vgrow="ALWAYS" minHeight="30" minWidth="30" maxHeight="90" maxWidth="90" fx:id="canvasLogo" id="canvas-logo"></CanvasLogo>
</VBox>