<?xml version="1.0" encoding="UTF-8"?>

<?import javafx.scene.layout.VBox?>
<?import javafx.scene.layout.HBox?>
<?import javafx.scene.control.Button?>
<?import javafx.scene.layout.Pane?>
<?import javafx.scene.control.Label?>
<?import javafx.scene.text.Font?>
<?import roche_papier_ciseaux.frontal.controles.CanvasLogo?>

<VBox fx:id="page" xmlns:fx="http://javafx.com/fxml" fx:controller="roche_papier_ciseaux.frontal.vues.VuePageJouer" styleClass="page" id="vue-jouer">
    <HBox VBox.vgrow="ALWAYS" styleClass="conteneur">
    	<VBox HBox.hgrow="ALWAYS" styleClass="conteneur" alignment="CENTER">
	    	<Label alignment="center" text="%texteJouer" textAlignment="CENTER">
		     	<font>
		      		<Font size="22.0"/>
		     	</font>
		    </Label>
		    <Pane HBox.hgrow="ALWAYS" styleClass="petit-espace-vertical"/>
		    <Button 
		    	fx:id="boutonRetourMenu"
		        text="%retournerMenu"
		        styleClass="bouton-retour">
		    </Button>
		</VBox>
   	</HBox>
   	<CanvasLogo VBox.vgrow="ALWAYS" minHeight="30" minWidth="30" maxHeight="90" maxWidth="90" fx:id="canvasLogo" id="canvas-logo"></CanvasLogo>
</VBox>